Time,CPM
1635383366.240273,75
1635383426.2588384,74
1635383486.3190255,69
1635383546.3791554,72
1635383606.439324,66
